# mass_g,voltage_V
0.000000,0.089367
50.000000,0.138990
100.000000,0.188347
200.000000,0.287872
500.000000,0.585182
