# throttle_pct,loadcell_V,current_V
10.000000,0.095370,2.522849
15.000000,0.100472,2.525342
20.000000,0.108012,2.534669
25.000000,0.117426,2.544325
30.000000,0.128571,2.563452
35.000000,0.142711,2.587206
40.000000,0.156370,2.619032
45.000000,0.172635,2.658045
50.000000,0.192138,2.701646
55.000000,0.209961,2.757603
60.000000,0.229942,2.821762
65.000000,0.250985,2.893177
70.000000,0.272915,2.979909
