# throttle_pct,loadcell_V,current_V
10.000000,0.094016,2.520916
15.000000,0.099678,2.526500
20.000000,0.108461,2.533644
25.000000,0.117312,2.545857
30.000000,0.128627,2.563565
35.000000,0.141739,2.588290
40.000000,0.158269,2.619111
45.000000,0.171679,2.656357
50.000000,0.190467,2.702175
55.000000,0.208657,2.757468
60.000000,0.229700,2.821458
65.000000,0.249823,2.894709
70.000000,0.271762,2.977798
