# throttle_pct,loadcell_V,current_V
10.000000,0.094527,2.522430
15.000000,0.099560,2.524715
20.000000,0.108485,2.535522
25.000000,0.117991,2.545186
30.000000,0.128653,2.564388
35.000000,0.141248,2.586844
40.000000,0.156456,2.617908
45.000000,0.173264,2.655018
50.000000,0.191206,2.701534
55.000000,0.210200,2.757532
60.000000,0.229439,2.819009
65.000000,0.249914,2.895735
70.000000,0.271691,2.977439
