# throttle_pct,loadcell_V,current_V
10.000000,0.096629,2.522131
15.000000,0.103754,2.528396
20.000000,0.113854,2.541057
25.000000,0.126011,2.555544
30.000000,0.139812,2.582471
35.000000,0.156238,2.613676
40.000000,0.174378,2.655361
45.000000,0.193587,2.707630
50.000000,0.214343,2.769579
55.000000,0.237255,2.842835
60.000000,0.259896,2.928672
65.000000,0.283267,3.024821
70.000000,0.309238,3.131620
