# a1 (deg/V), a0 (deg)
8.972507230532858102e+01
-1.481114801377960077e+02
