Velocity,Volts
1,1.63838508598114
2,1.54714716051739
3,2.28852017615915
4,2.15263381238067
5,3.02074381616199
6,3.275995247405
7,3.27919480576989
8,3.74200316828113
