# accel_m_per_s2,voltage_V
0.000000,1.715454
9.810000,1.508085
0.000000,1.711797
-9.810000,1.920468
