# accel_m_per_s2,voltage_V
0.000000000000000000e+00,1.641633010134458504e+00
9.810000000000000497e+00,1.446872190114124157e+00
0.000000000000000000e+00,1.644055586510937195e+00
-9.810000000000000497e+00,1.858580606343033459e+00
