Velocity,Volts
1,0.979507505245888
2,1.54746942765314
3,1.64567117777601
4,2.17742359354684
5,2.99937691070412
6,2.9109401858311
7,3.18905072202317
8,3.87956254387562
