Velocity,Volts
1,1.1684371751979
2,1.5411569436326
3,1.74609893266116
4,2.11968687890613
5,2.65564167330971
6,3.01877287653485
7,3.75222227701497
8,3.88939136930081
