Velocity,Volts
1,1.55148349039193
2,1.80399426133538
3,1.96894486191212
4,2.53837329791555
5,2.59530493940433
6,2.99505079902257
7,3.75618812793663
8,3.85713561312127
