# set_V,dmm_V,ads_V
0.000000000000000000e+00,5.000000000000000104e-03,1.307659323681268715e-03
1.000000000000000000e+00,1.006999999999999895e+00,1.005711619439513482e+00
2.000000000000000000e+00,2.007000000000000117e+00,2.010254844689426612e+00
3.000000000000000000e+00,3.008999999999999897e+00,3.014609771489251244e+00
4.000000000000000000e+00,4.000000000000000000e+00,4.018943771535202103e+00
5.000000000000000000e+00,5.014000000000000234e+00,5.023319425940287353e+00
