Velocity,Volts
1,1.40315790137419
2,1.47394711755675
3,2.38889222453056
4,2.59031753335661
5,2.81848324200912
6,3.23937659698748
7,3.46068004994223
8,3.69818479160093
